---CUSTOMER TABLE

INSERT INTO CUSTOMERS (CUSTOMER_ID, NAME, CITY, PHONE, JOIN_DATE) VALUES (1, 'ANSHIKA RANAUT', 'SHIMLA', '9015063341', '2025-01-05');
INSERT INTO CUSTOMERS (CUSTOMER_ID, NAME, CITY, PHONE, JOIN_DATE) VALUES (2, 'RAHUL SHARMA', 'MUMBAI', '9960013389', '2024-09-25');
INSERT INTO CUSTOMERS (CUSTOMER_ID, NAME, CITY, PHONE, JOIN_DATE) VALUES (3, 'AYSUH RAWAT', 'SHIMLA', '9083863794', '2024-04-02');
INSERT INTO CUSTOMERS (CUSTOMER_ID, NAME, CITY, PHONE, JOIN_DATE) VALUES (4, 'NIKITA PANDEY', 'PUNE', '9026542351', '2024-02-13');
INSERT INTO CUSTOMERS (CUSTOMER_ID, NAME, CITY, PHONE, JOIN_DATE) VALUES (5, 'TULSI BOPCHE', 'PUNE', '9161559407', '2025-02-17');
INSERT INTO CUSTOMERS (CUSTOMER_ID, NAME, CITY, PHONE, JOIN_DATE) VALUES (6, 'MOHIT DEORE', 'PUNE', '9816184959', '2025-01-04');
INSERT INTO CUSTOMERS (CUSTOMER_ID, NAME, CITY, PHONE, JOIN_DATE) VALUES (7, 'YASH SHARMA', 'MUMBAI', '9310341316', '2025-01-24');
INSERT INTO CUSTOMERS (CUSTOMER_ID, NAME, CITY, PHONE, JOIN_DATE) VALUES (8, 'PRANSHU SHUKLA', 'BENGALURU', '9475255341', '2024-04-01');
INSERT INTO CUSTOMERS (CUSTOMER_ID, NAME, CITY, PHONE, JOIN_DATE) VALUES (9, 'SNEHA MOTHEY', 'CHENNAI', '9928327648', '2025-02-25');
INSERT INTO CUSTOMERS (CUSTOMER_ID, NAME, CITY, PHONE, JOIN_DATE) VALUES (10, 'HIMA MAZUMDAR', 'KOLKATA', '9350305641', '2024-01-03');
INSERT INTO CUSTOMERS (CUSTOMER_ID, NAME, CITY, PHONE, JOIN_DATE) VALUES (11, 'TULSI BOPCHE', 'BENGALURU', '9395376724', '2024-03-17');
INSERT INTO CUSTOMERS (CUSTOMER_ID, NAME, CITY, PHONE, JOIN_DATE) VALUES (12, 'JIT SARKAR', 'KOLKATA', '9238849696', '2024-02-09');
INSERT INTO CUSTOMERS (CUSTOMER_ID, NAME, CITY, PHONE, JOIN_DATE) VALUES (13, 'VENUGOPAL IYER', 'CHENNAI', '9532871012', '2025-01-17');
INSERT INTO CUSTOMERS (CUSTOMER_ID, NAME, CITY, PHONE, JOIN_DATE) VALUES (14, 'AMLAN BEHERA', 'BHUBANESWAR', '9269166978', '2024-03-21');
INSERT INTO CUSTOMERS (CUSTOMER_ID, NAME, CITY, PHONE, JOIN_DATE) VALUES (15, 'CHIRAG CHAUHAN', 'UDAIPUR', '9480184514', '2024-09-28');
INSERT INTO CUSTOMERS (CUSTOMER_ID, NAME, CITY, PHONE, JOIN_DATE) VALUES (16, 'BALVINDAR SINGH', 'PUNJAB', '9627048281', '2024-12-05');
INSERT INTO CUSTOMERS (CUSTOMER_ID, NAME, CITY, PHONE, JOIN_DATE) VALUES (17, 'RAKESH GURUNG', 'KOHIMA', '9489325288', '2025-02-08');
INSERT INTO CUSTOMERS (CUSTOMER_ID, NAME, CITY, PHONE, JOIN_DATE) VALUES (18, 'RAJIV SHAH', 'GANDHINAGAR', '9095701543', '2023-11-24');
INSERT INTO CUSTOMERS (CUSTOMER_ID, NAME, CITY, PHONE, JOIN_DATE) VALUES (19, 'RAJESH MALHOTRA', 'DELHI', '9039117182', '2024-09-27');
INSERT INTO CUSTOMERS (CUSTOMER_ID, NAME, CITY, PHONE, JOIN_DATE) VALUES (20, 'ANUSHKA CHAUHAN', 'DELHI', '9278248963', '2024-01-02');

--MENU TABLE

INSERT INTO MENU (MENU_ID, RESTAURANT_ID, DISH_NAME, PRICE, CATEGORY) VALUES
(1, 1, 'BUTTER CHICKEN', 3500, 'MAIN COURSE'),
(2, 1, 'PANEER TIKKA', 2200, 'STARTER'),
(3, 1, 'GULAB JAMUN', 1200, 'DESSERT'),
(4, 1, 'MANGO LASSI', 90, 'BEVERAGE'),
(5, 1, 'SPECIAL EGG CHICKEN BIRYANI', 2500, 'MAIN COURSE'),
(6,1,'CHAMPARAN MUTTON',8000,'MAIN COURSE');

-- RESTAURANT 2 (ITALIAN)
INSERT INTO MENU (MENU_ID, RESTAURANT_ID, DISH_NAME, PRICE, CATEGORY) VALUES
(7, 2, 'MARGHERITA PIZZA', 4500, 'MAIN COURSE'),
(8, 2, 'PASTA ALFREDO', 3080, 'MAIN COURSE'),
(9, 2, 'TIRAMISU', 2500, 'DESSERT'),
(10, 2, 'ESPRESSO', 1500, 'BEVERAGE'),
(11,2,'CHICKEN LASGNA',1500,'STARTER');

-- RESTAURANT 3 (CHINESE)
INSERT INTO MENU (MENU_ID, RESTAURANT_ID, DISH_NAME, PRICE, CATEGORY) VALUES
(12, 3, 'KUNG PAO CHICKEN', 4000, 'MAIN COURSE'),
(13, 3, 'VEGETABLE SPRING ROLLS', 180, 'STARTER'),
(14, 3, 'SWEET CORN SOUP', 1500, 'STARTER'),
(15, 3, 'JASMINE TEA', 1000, 'BEVERAGE'),
(16,3,'CHILLI CHICKEN',1300,'STARTER'),
(17,3,'CHILL SHRIMP',1200,'STARTER');

-- RESTAURANT 4 (AMERICAN)
INSERT INTO MENU (MENU_ID, RESTAURANT_ID, DISH_NAME, PRICE, CATEGORY) VALUES
(18, 4, 'CHEESEBURGER', 3000, 'MAIN COURSE'),
(19, 4, 'FRENCH FRIES', 1200, 'STARTER'),
(20, 4, 'BROWNIE SUNDAE', 2000, 'DESSERT'),
(21, 4, 'COCA COLA', 800, 'BEVERAGE'),
(22,4,'GOLD VANILLA GELLATO',2000,'DESSERT'),
(23,4,'DOUBLE DOWN CHICKEN BURGER',1800,'MAIN COURSE');

-- RESTAURANT 5 (BAKERY/CAFE)
INSERT INTO MENU (MENU_ID, RESTAURANT_ID, DISH_NAME, PRICE, CATEGORY) VALUES
(24, 5, 'CHOCOLATE CROISSANT', 1500, 'STARTER'),
(25, 5, 'CAPPUCCINO', 1800, 'BEVERAGE'),
(26, 5, 'BLUEBERRY CHEESECAKE', 2200, 'DESSERT'),
(27, 5, 'CLUB SANDWICH', 2500, 'MAIN COURSE'),
(28,5,'CHICKEN PIE',7800,'STARTER');

INSERT INTO MENU (MENU_ID, RESTAURANT_ID, DISH_NAME, PRICE, CATEGORY) VALUES
-- RESTAURANT 6: INDIAN CUISINE
(29, 6, 'BUTTER CHICKEN', 3200, 'MAIN COURSE'),
(30, 6, 'GULAB JAMUN', 1200, 'DESSERT'),
(31, 6, 'MASALA CHAI', 600, 'BEVERAGE'),
(32, 6, 'PANEER TIKKA', 2500, 'STARTER'),
(33,6,'CHAMPARAN MUTTON',8000,'MAIN COURSE'),

-- RESTAURANT 7: ITALIAN CUISINE
(34, 7, 'MARGHERITA PIZZA', 4500, 'MAIN COURSE'),
(35, 7, 'TIRAMISU', 2800, 'DESSERT'),
(36, 7, 'LIMONCELLO SPRITZ', 2200, 'BEVERAGE'),
(37, 7, 'BRUSCHETTA', 2000, 'STARTER'),

-- RESTAURANT 8: CHINESE CUISINE
(38, 8, 'KUNG PAO CHICKEN', 3800, 'MAIN COURSE'),
(39, 8, 'MANGO PUDDING', 1600, 'DESSERT'),
(40, 8, 'JASMINE TEA', 900, 'BEVERAGE'),
(41, 8, 'SPRING ROLLS', 1900, 'STARTER'),

-- RESTAURANT 9: AMERICAN CUISINE
(42, 9, 'CHEESEBURGER', 4200, 'MAIN COURSE'),
(43, 9, 'NEW YORK CHEESECAKE', 3000, 'DESSERT'),
(44, 9, 'ROOT BEER', 1400, 'BEVERAGE'),
(45, 9, 'BUFFALO WINGS', 2800, 'STARTER'),

-- RESTAURANT 10: BAKERY
(46, 10, 'SOURDOUGH SANDWICH', 2500, 'MAIN COURSE'),
(47, 10, 'CHOCOLATE CROISSANT', 1500, 'DESSERT'),
(48, 10, 'CAPPUCCINO', 1800, 'BEVERAGE'),
(49, 10, 'GARLIC BREADSTICKS', 1600, 'STARTER'),

-- RESTAURANT 11: AMERICAN CUISINE
(50, 11, 'BBQ RIBS', 5500, 'MAIN COURSE'),
(51, 11, 'BROWNIE SUNDAE', 2600, 'DESSERT'),
(52, 11, 'ICED TEA', 120, 'BEVERAGE'),
(53, 11, 'MOZZARELLA STICKS', 2200, 'STARTER');


---RESTAURANT TABLE:

INSERT INTO RESTAURANTS (RESTAURANT_ID, NAME, CITY, CUISINE_TYPE) VALUES
(1, 'SPICE OF INDIA', 'DELHI', 'INDIAN'),
(2, 'BELLA ITALIA', 'MUMBAI', 'ITALIAN'),
(3, 'DRAGON WOK', 'BANGALORE', 'CHINESE'),
(4, 'BURGER HUB', 'CHENNAI', 'AMERICAN'),
(5, 'SWEET CRAVINGS CAFE', 'KOLKATA', 'BAKERY'),
(6, 'TANDOORI NIGHTS', 'BHUBANESWAR', 'INDIAN'),
(7, 'LA PASTA FRESCA', 'PUNE', 'ITALIAN'),
(8, 'GOLDEN CHOPSTICKS', 'UDAIPUR', 'CHINESE'),
(9, 'GRILL & CHILL', 'GANDHINAGAR', 'AMERICAN'),
(10, 'HEAVENLY BAKES', 'KOHIMA', 'BAKERY'),
(11,'LAND OF GODS','SHIMLA','AMERICAN');


---ORDERS TABLE

INSERT INTO ORDERS (ORDER_ID, CUSTOMER_ID, RESTAURANT_ID, ORDER_DATE, DELIVERY_TIME_MINUTES, DRIVER_ID, PAYMENT_MODE) VALUES
(1, 3, 1, '2025-02-05', 32, 2, 'UPI'),
(2, 7, 4, '2024-09-25', 25, 5, 'CARD'),
(3, 12, 2, '2024-04-02', 40, 1, 'CASH'),
(4, 15, 6, '2024-02-13', 28, 7, 'UPI'),
(5, 15, 3, '2025-05-17', 35, 4, 'CARD'),
(6, 15, 5, '2025-06-04', 50, 3, 'CASH'),
(7, 18, 7, '2025-01-24', 22, 6, 'UPI'),
(8, 15, 8, '2024-04-01', 18, 8, 'CARD'),
(9, 15, 9, '2025-02-25', 42, 9, 'UPI'),
(10, 1, 10, '2024-01-03', 33, 10, 'CASH'),
(11, 1, 2, '2025-05-17', 27, 2, 'CARD'),
(12, 15, 1, '2024-06-09', 31, 5, 'UPI'),
(13, 1, 4, '2025-07-17', 46, 7, 'CASH'),
(14, 1, 3, '2024-07-21', 29, 1, 'CARD'),
(15, 20, 6, '2024-09-28', 24, 4, 'UPI'),
(16, 1, 7, '2024-12-05', 37, 6, 'CARD'),
(17, 1, 9, '2025-06-08', 41, 8, 'CASH'),
(18, 19, 5, '2023-11-24', 30, 3, 'UPI'),
(19, 4, 8, '2024-09-27', 26, 9, 'CARD'),
(20, 16, 10, '2024-01-02', 38, 10, 'CASH'),
(21, 4, 1, '2025-07-05', 36, 2, 'UPI'),
(22, 16, 1, '2025-07-08', 78, 2, 'CARD'),
(23, 7, 1, '2025-06-10', 34, 1, 'UPI'),
(24, 2, 1, '2025-05-02', 41, 2, 'CARD'),
(25, 3, 1, '2025-07-19', 29, 3, 'CASH'),
(26, 4, 1, '2025-08-05', 36, 4, 'UPI'),
(27, 5, 2, '2025-04-15', 30, 5, 'CASH'),
(28, 6, 2, '2025-06-01', 39, 6, 'CARD'),
(29, 7, 2, '2025-07-25', 44, 7, 'UPI'),
(30, 8, 2, '2025-08-12', 32, 8, 'CASH'),
(31, 9, 3, '2025-04-22', 57, 9, 'CARD'),
(32, 10, 3, '2025-05-18', 40, 10, 'UPI'),
(33, 11, 3, '2025-07-02', 53, 1, 'CASH'),
(34, 12, 3, '2025-08-18', 37, 2, 'CARD'),
(35, 13, 4, '2025-04-27', 42, 3, 'UPI'),
(36, 14, 4, '2025-05-22', 36, 4, 'CARD'),
(37, 15, 4, '2025-07-10', 38, 5, 'CASH'),
(38, 16, 4, '2025-08-03', 45, 6, 'UPI'),
(39, 17, 5, '2025-04-09', 38, 7, 'CASH'),
(40, 18, 5, '2025-05-29', 41, 8, 'UPI'),
(41, 19, 5, '2025-07-15', 35, 9, 'CARD'),
(42, 20, 5, '2025-08-20', 40, 10, 'CASH'),
(43, 1, 6, '2025-04-14', 43, 1, 'CARD'),
(44, 2, 6, '2025-06-10', 39, 2, 'UPI'),
(45, 3, 6, '2025-07-22', 34, 3, 'CASH'),
(46, 4, 6, '2025-08-16', 40, 4, 'UPI'),
(47, 5, 7, '2025-04-05', 37, 5, 'CASH'),
(48, 6, 7, '2025-05-14', 44, 6, 'CARD'),
(49, 7, 7, '2025-07-30', 31, 7, 'UPI'),
(50, 8, 7, '2025-08-09', 29, 8, 'CASH'),
(51, 9, 8, '2025-04-20', 33, 9, 'UPI'),
(52, 10, 8, '2025-05-25', 47, 10, 'CASH'),
(53, 11, 8, '2025-07-12', 39, 1, 'CARD'),
(54, 12, 8, '2025-08-22', 35, 2, 'UPI'),
(55, 13, 9, '2025-04-08', 30, 3, 'CARD'),
(56, 14, 9, '2025-06-02', 42, 4, 'UPI'),
(57, 15, 9, '2025-07-18', 38, 5, 'CASH'),
(58, 16, 9, '2025-08-14', 41, 6, 'CARD'),
(59, 17, 10, '2025-07-13', 28, 7, 'CASH'),
(60, 18, 10, '2025-05-09', 34, 8, 'UPI'),
(61, 19, 10, '2025-07-08', 45, 9, 'CARD'),
(62, 20, 10, '2025-08-17', 32, 10, 'CASH'),
(63, 1, 11, '2025-07-17', 37, 1, 'UPI'),
(64, 2, 11, '2025-05-30', 40, 2, 'CARD'),
(65, 3, 11, '2025-07-06', 29, 3, 'CASH'),
(66, 4, 11, '2025-08-21', 43, 4, 'UPI'),
(67, 5, 6, '2025-05-12', 41, 5, 'CARD'),
(68, 6, 7, '2025-06-22', 36, 6, 'CASH');

---DRIVERS TABLE

INSERT INTO DRIVERS (DRIVER_ID, NAME, PHONE, VEHICLE_TYPE, JOIN_DATE) VALUES
(1, 'RAVI KUMAR', '9876543210', 'BIKE', '2023-02-15'),
(2, 'AMIT SHARMA', '9876543211', 'SCOOTER', '2023-03-20'),
(3, 'SURESH REDDY', '9876543212', 'CAR', '2023-04-10'),
(4, 'RAHUL VERMA', '9876543213', 'BIKE', '2023-05-05'),
(5, 'MANOJ SINGH', '9876543214', 'CAR', '2023-06-18'),
(6, 'ARJUN DAS', '9876543215', 'BIKE', '2023-07-22'),
(7, 'KARAN MEHTA', '9876543216', 'SCOOTER', '2023-08-14'),
(8, 'VIKAS YADAV', '9876543217', 'CAR', '2023-09-09'),
(9, 'DEEPAK JOSHI', '9876543218', 'BIKE', '2023-10-01'),
(10, 'ROHIT NAIR', '9876543219', 'SCOOTER', '2023-11-25');

--REVIEW TABLE

INSERT INTO REVIEWS (REVIEW_ID, ORDER_ID, CUSTOMER_ID, RESTAURANT_ID, RATING, REVIEW_TEXT) VALUES
(1, 1, 5, 2, 5, 'EXCELLENT FOOD AND FAST DELIVERY!'),
(2, 2, 3, 1, 4, 'GOOD TASTE BUT A BIT LATE'),
(3, 3, 7, 4, 3, 'AVERAGE EXPERIENCE, COULD BE BETTER'),
(4, 4, 2, 3, 5, 'LOVED THE FLAVORS, HIGHLY RECOMMEND'),
(5, 5, 9, 5, 2, 'FOOD WAS COLD ON DELIVERY'),
(6, 6, 4, 2, 4, 'NICE PACKAGING AND TASTY MEAL'),
(7, 7, 8, 1, 5, 'PERFECT! FRESH AND DELICIOUS'),
(8, 8, 10, 4, 3, 'DELIVERY WAS SLOW, FOOD OK'),
(9, 9, 1, 3, 4, 'TASTY BIRYANI, GOOD QUANTITY'),
(10, 10, 6, 5, 5, 'EXCELLENT SERVICE, WILL ORDER AGAIN'),
(11, 11, 12, 2, 4, 'PRETTY GOOD OVERALL'),
(12, 12, 14, 1, 2, 'NOT WORTH THE PRICE'),
(13, 13, 11, 3, 5, 'AMAZING TASTE! MY FAVORITE RESTAURANT'),
(14, 14, 18, 5, 4, 'VERY NICE DESSERT'),
(15, 15, 16, 4, 3, 'MEDIOCRE, NEEDS IMPROVEMENT'),
(16, 16, 19, 2, 5, 'FAST DELIVERY AND TASTY FOOD'),
(17, 17, 13, 1, 4, 'GOOD VALUE FOR MONEY'),
(18, 18, 20, 3, 1, 'TOO SPICY AND LATE DELIVERY'),
(19, 19, 15, 4, 5, 'FANTASTIC EXPERIENCE!'),
(20, 20, 17, 5, 4, 'REALLY LIKED THE FOOD AND SERVICE'),
(21, 17, 13, 11, 5, 'GREAT VALUE FOR MONEY'),
(22, 1, 5, 1, 4, NULL),
(23, 5, 3, 3, 5, NULL),
(24, 6, 7, 5, 3, ''),
(25, 7, 2, 7, 2, ''),
(26,8,1,6,2,NULL),
(27, 1, 1, 2, 5, 'EXCELLENT FOOD, WILL ORDER AGAIN!')
(28, 2, 2, 1, 4, 'TASTY BUT A BIT SALTY'),
(29, 3, 3, 2, 3, NULL),
(30, 4, 4, 2, 2, 'NOT FRESH'),
(31, 5, 5, 3, 5, 'PERFECT PORTION AND DELICIOUS!'),
(32, 6, 6, 3, 1, 'VERY DISAPPOINTED'),
(33, 7, 7, 4, 4, NULL),
(34, 8, 8, 4, 5, 'ABSOLUTELY LOVED IT!'),
(35, 9, 9, 5, 3, 'AVERAGE TASTE'),
(36, 10, 10, 5, 2, NULL),
(37, 11, 11, 6, 5, 'HIGHLY RECOMMEND!'),
(38, 12, 12, 6, 4, 'GOOD BUT COULD BE BETTER'),
(39, 13, 13, 7, 3, NULL),
(40, 14, 14, 7, 1, 'TERRIBLE EXPERIENCE'),
(41, 15, 15, 8, 5, 'DELICIOUS, PERFECT FLAVOR!'),
(42, 16, 16, 8, 2, NULL),
(43, 17, 17, 9, 4, 'VERY GOOD'),
(44, 18, 18, 9, 3, NULL),
(45, 19, 19, 10, 5, 'OUTSTANDING!'),
(46, 20, 20, 10, 4, NULL),
(47, 21, 1, 11, 3, 'IT WAS OKAY'),
(48, 22, 2, 11, 2, 'COULD BE BETTER'),
(49, 23, 3, 2, 5, 'PERFECT MEAL!'),
(50, 24, 4, 2, 1, NULL),
(51, 25, 5, 3, 4, 'LIKED IT'),
(52, 26, 6, 11, 5, 'ABSOLUTELY FANTASTIC'),
(53, 27, 7, 11, 2, NULL),
(54, 28, 8, 10, 3, 'MEDIOCRE'),
(55, 29, 9, 11, 4, 'GOOD TASTE'),
(56, 30, 10, 9, 5, 'EXCELLENT!');

---ORDER_DETAILS TABLE

INSERT INTO ORDER_DETAILS (ORDER_DETAIL_ID, ORDER_ID, MENU_ID, QUANTITY) VALUES
(1, 1, 3, 2),   
(2, 1, 5, 1),   
(3, 2, 2, 1),   
(4, 2, 7, 2),   
(5, 3, 10, 3),  
(6, 4, 1, 1),   
(7, 4, 6, 2),   
(8, 5, 12, 1),  
(9, 6, 4, 2),   
(10, 7, 8, 1),  
(11, 8, 11, 2), 
(12, 9, 9, 1),  
(13, 10, 14, 1),
(14, 11, 13, 2),
(15, 12, 16, 3),
(16, 13, 15, 1),
(17, 14, 18, 2),
(18, 15, 17, 1),
(19, 16, 19, 2),
(20, 1, 20, 1),
(21, 2, 20, 5),
(22, 3, 2, 2),
(23, 4, 5, 1),
(24, 5, 15, 3),
(25, 6, 13, 2),
(26, 7, 7, 1),
(27, 8, 14, 4),
(28, 9, 25, 2),
(29, 10, 8, 1),
(30, 11, 3, 2),
(31, 12, 12, 3),
(32, 13, 19, 2),
(33, 14, 1, 1),
(34, 15, 27, 4),
(35, 16, 24, 2),
(36, 17, 6, 1),
(37, 18, 9, 2),
(38, 19, 13, 3),
(39, 20, 17, 1),
(40, 21, 20, 2),
(41, 22, 4, 1),
(42, 23, 11, 3),
(43, 24, 21, 2),
(44, 25, 18, 2),
(45, 26, 7, 1),
(46, 27, 2, 2),
(47, 28, 23, 3),
(48, 29, 9, 4),
(49, 30, 12, 1),
(50, 31, 23, 2),
(51, 32, 3, 3),
(52, 33, 8, 1),
(53, 34, 19, 2),
(54, 35, 12, 2),
(55, 36, 6, 4),
(56, 37, 1, 1),
(57, 38, 16, 2),
(58, 39, 22, 3),
(59, 40, 11, 1),
(60, 41, 28, 2),
(61, 42, 13, 3),
(62, 43, 4, 1),
(63, 44, 23, 2),
(64, 45, 16, 3),
(65, 46, 2, 1),
(66, 47, 21, 2),
(67, 48, 15, 2),
(68, 49, 10, 1),
(69, 50, 9, 2),
(70, 51, 24, 3),
(71, 52, 8, 1),
(72, 53, 6, 2),
(73, 54, 3, 3),
(74, 55, 7, 2),
(75, 56, 5, 1),
(76, 57, 1, 2),
(77, 58, 4, 3),
(78, 59, 2, 1),
(79, 60, 12, 2),
(80, 61, 14, 3),
(81, 62, 17, 1),
(82, 63, 19, 2),
(83, 64, 21, 3),
(84, 65, 23, 1),
(85, 66, 25, 2),
(86, 67, 27, 3),
(87, 68, 29, 1),
(88, 1, 20, 1),
(89, 1, 25, 2),
(90, 2, 30, 1),
(91, 2, 35, 3),
(92, 3, 22, 2),
(93, 3, 28, 1),
(94, 4, 40, 2),
(95, 4, 45, 1),
(96, 5, 33, 2),
(97, 5, 38, 1),
(98, 6, 21, 3),
(99, 6, 26, 2),
(100, 7, 32, 1),
(101, 7, 36, 2),
(102, 8, 23, 1),
(103, 8, 41, 2),
(104, 9, 27, 1),
(105, 9, 44, 2),
(106, 10, 34, 3),
(107, 10, 49, 1),
(108, 11, 37, 2),
(109, 11, 42, 1),
(110, 12, 46, 2),
(111, 12, 29, 1),
(112, 13, 39, 2),
(113, 13, 50, 1),
(114, 14, 31, 3),
(115, 14, 47, 1),
(116, 15, 35, 2),
(117, 15, 48, 1),
(118, 16, 20, 2),
(119, 16, 52, 1),
(120, 17, 22, 3),
(121, 17, 51, 2),
(122, 18, 36, 1),
(123, 18, 53, 2),
(124, 19, 26, 1),
(125, 19, 50, 2),
(126, 20, 28, 1),
(127, 20, 45, 2);